{"objectID":"website_0.0.1_starter_topic.html#write_content","parent":"website_0.0.1_starter_topic.html#add_new_topics","pageViews":0,"url":"writerside-documentation/website/starter-topic.html#write-content","mainTitle":"Metodología","product":"website","headings":"Metodología,Write content","content":"Writerside supports two types of markup: Markdown and XML. When you create a new help article, you can choose between two topic types, but this doesn\u0027t mean you have to stick to a single format. You can author content in Markdown and extend it with semantic attributes or inject entire XML elements.\n","pageTitle":"Write content","metaDescription":"","type":"Documentation","breadcrumbs":"","root":0,"depth":0}