{"objectID":"website_0.0.1_starter_topic.html#inject_a_procedure","parent":"website_0.0.1_starter_topic.html#add_new_topics","pageViews":0,"url":"writerside-documentation/website/starter-topic.html#inject-a-procedure","mainTitle":"Metodología","product":"website","headings":"Metodología,Inject a procedure","content":"Start typing and select a procedure type from the completion suggestions:\ncompletion suggestions for procedure\nPress Tab or Enter to insert the markup.\n","pageTitle":"Inject a procedure","metaDescription":"","type":"Documentation","breadcrumbs":"","root":0,"depth":0}