{"objectID":"website_0.0.1_index_md.html#","parent":"website_0.0.1_index_md.html#","pageViews":0,"url":"writerside-documentation/website/index_md.html","mainTitle":"Introducción","product":"website","headings":"Introducción","content":"Alesia es un proyecto de investigación basado en la experimentación y tenemos como principal objetivo demostrar que se puede desarrollar un producto digital que permita la interpretación del lenguaje de signos español a la lengua hablada y viceversa.\nEste proyecto ha sido desarrollado durante el curso 2024/25 por los alumnos:\n- David\n","pageTitle":"Introducción","metaDescription":"","type":"Documentation","breadcrumbs":"","root":0,"depth":0}