{"objectID":"website_0.0.1_starter_topic.html#supplementary_info","parent":"website_0.0.1_starter_topic.html#add_new_topics","pageViews":0,"url":"writerside-documentation/website/starter-topic.html#supplementary-info","mainTitle":"Metodología","product":"website","headings":"Metodología,Supplementary info","content":"Content under a collapsible header will be collapsed by default, but you can modify the behavior by adding the following attribute: default-state\u003d\u0026quot;expanded\u0026quot;\n","pageTitle":"Supplementary info","metaDescription":"","type":"Documentation","breadcrumbs":"","root":0,"depth":0}