{"objectID":"website_0.0.1_starter_topic.html#feedback_and_support","parent":"website_0.0.1_starter_topic.html#add_new_topics","pageViews":0,"url":"writerside-documentation/website/starter-topic.html#feedback-and-support","mainTitle":"Metodología","product":"website","headings":"Metodología,Feedback and support","content":"Please report any issues, usability improvements, or feature requests to our YouTrack project (you will need to register).\nYou are welcome to join our public Slack workspace. Before you do, please read our Code of conduct. We assume that you’ve read and acknowledged it before joining.\nYou can also always email us at writerside@jetbrains.com.\n","pageTitle":"Feedback and support","metaDescription":"","type":"Documentation","breadcrumbs":"","root":0,"depth":0}