{"objectID":"website_0.0.1_starter_topic.html#tabs","parent":"website_0.0.1_starter_topic.html#add_new_topics","pageViews":0,"url":"writerside-documentation/website/starter-topic.html#tabs","mainTitle":"Metodología","product":"website","headings":"Metodología,Tabs","content":"To add switchable content, you can make use of tabs (inject them by starting to type tab on a new line):\n\u003cb\u003eMarkdown\u003c/b\u003e ![Alt Text](new_topic_options.png){ width\u003d450 }\n\u003cb\u003eSemantic markup\u003c/b\u003e \u0026lt;img src\u003d\"new_topic_options.png\" alt\u003d\"Alt text\" width\u003d\"450px\"/\u0026gt;\n","pageTitle":"Tabs","metaDescription":"","type":"Documentation","breadcrumbs":"","root":0,"depth":0}