{"objectID":"website_0.0.1_starter_topic.html#add_new_topics","parent":"website_0.0.1_starter_topic.html#add_new_topics","pageViews":0,"url":"writerside-documentation/website/starter-topic.html#add-new-topics","mainTitle":"Metodología","product":"website","headings":"Metodología,Add new topics","content":"You can create empty topics, or choose a template for different types of content that contains some boilerplate structure to help you get started:\nCreate new topic options ","pageTitle":"Add new topics","metaDescription":"","type":"Documentation","breadcrumbs":"","root":0,"depth":0}