{"objectID":"website_0.0.1_starter_topic.html#convert_selection_to_xml","parent":"website_0.0.1_starter_topic.html#add_new_topics","pageViews":0,"url":"writerside-documentation/website/starter-topic.html#convert-selection-to-xml","mainTitle":"Metodología","product":"website","headings":"Metodología,Convert selection to XML","content":"If you need to extend an element with more functions, you can convert selected content from Markdown to semantic markup. For example, if you want to merge cells in a table, it\u0027s much easier to convert it to XML than do this in Markdown. Position the caret anywhere in the table and press Alt+Enter:\nConvert table to XML ","pageTitle":"Convert selection to XML","metaDescription":"","type":"Documentation","breadcrumbs":"","root":0,"depth":0}