{"objectID":"website_0.0.1_starter_topic.html#collapsible_blocks","parent":"website_0.0.1_starter_topic.html#add_new_topics","pageViews":0,"url":"writerside-documentation/website/starter-topic.html#collapsible-blocks","mainTitle":"Metodología","product":"website","headings":"Metodología,Collapsible blocks","content":"Apart from injecting entire XML elements, you can use attributes to configure the behavior of certain elements. For example, you can collapse a chapter that contains non-essential information:\n","pageTitle":"Collapsible blocks","metaDescription":"","type":"Documentation","breadcrumbs":"","root":0,"depth":0}