{"entities":{"pages":{"index":{"id":"index","title":"Introducción","url":"index_md.html","level":0,"tabIndex":0},"starter-topic":{"id":"starter-topic","title":"Metodología","url":"starter-topic.html","level":0,"tabIndex":1},"Estado-del-Arte":{"id":"Estado-del-Arte","title":"Marco teórico","url":"estado-del-arte.html","level":0,"tabIndex":2},"Hipótesis":{"id":"Hipótesis","title":"Hipótesis","url":"hipótesis.html","level":0,"tabIndex":3},"Objetivos":{"id":"Objetivos","title":"Objetivos","url":"objetivos.html","level":0,"tabIndex":4},"Metodología":{"id":"Metodología","title":"Metodología","url":"metodología.html","level":0,"tabIndex":5},"Resultado-y-Análisis":{"id":"Resultado-y-Análisis","title":"Resultado y Análisis","url":"resultado-y-análisis.html","level":0,"tabIndex":6},"Conclusiones":{"id":"Conclusiones","title":"Conclusiones","url":"conclusiones.html","level":0,"tabIndex":7}}},"topLevelIds":["index","starter-topic","Estado-del-Arte","Hipótesis","Objetivos","Metodología","Resultado-y-Análisis","Conclusiones"]}